--
-- PostgreSQL database dump
--

-- Dumped from database version 16.12 (Debian 16.12-1.pgdg13+1)
-- Dumped by pg_dump version 17.0

-- Started on 2026-03-18 01:00:42

SET statement_timeout = 0;
SET lock_timeout = 0;
SET idle_in_transaction_session_timeout = 0;
SET transaction_timeout = 0;
SET client_encoding = 'UTF8';
SET standard_conforming_strings = on;
SELECT pg_catalog.set_config('search_path', '', false);
SET check_function_bodies = false;
SET xmloption = content;
SET client_min_messages = warning;
SET row_security = off;

SET default_tablespace = '';

SET default_table_access_method = heap;

--
-- TOC entry 222 (class 1259 OID 24599)
-- Name: auth_group; Type: TABLE; Schema: public; Owner: -
--

CREATE TABLE public.auth_group (
    id integer NOT NULL,
    name character varying(150) NOT NULL
);


--
-- TOC entry 221 (class 1259 OID 24598)
-- Name: auth_group_id_seq; Type: SEQUENCE; Schema: public; Owner: -
--

ALTER TABLE public.auth_group ALTER COLUMN id ADD GENERATED BY DEFAULT AS IDENTITY (
    SEQUENCE NAME public.auth_group_id_seq
    START WITH 1
    INCREMENT BY 1
    NO MINVALUE
    NO MAXVALUE
    CACHE 1
);


--
-- TOC entry 224 (class 1259 OID 24607)
-- Name: auth_group_permissions; Type: TABLE; Schema: public; Owner: -
--

CREATE TABLE public.auth_group_permissions (
    id bigint NOT NULL,
    group_id integer NOT NULL,
    permission_id integer NOT NULL
);


--
-- TOC entry 223 (class 1259 OID 24606)
-- Name: auth_group_permissions_id_seq; Type: SEQUENCE; Schema: public; Owner: -
--

ALTER TABLE public.auth_group_permissions ALTER COLUMN id ADD GENERATED BY DEFAULT AS IDENTITY (
    SEQUENCE NAME public.auth_group_permissions_id_seq
    START WITH 1
    INCREMENT BY 1
    NO MINVALUE
    NO MAXVALUE
    CACHE 1
);


--
-- TOC entry 220 (class 1259 OID 24593)
-- Name: auth_permission; Type: TABLE; Schema: public; Owner: -
--

CREATE TABLE public.auth_permission (
    id integer NOT NULL,
    name character varying(255) NOT NULL,
    content_type_id integer NOT NULL,
    codename character varying(100) NOT NULL
);


--
-- TOC entry 219 (class 1259 OID 24592)
-- Name: auth_permission_id_seq; Type: SEQUENCE; Schema: public; Owner: -
--

ALTER TABLE public.auth_permission ALTER COLUMN id ADD GENERATED BY DEFAULT AS IDENTITY (
    SEQUENCE NAME public.auth_permission_id_seq
    START WITH 1
    INCREMENT BY 1
    NO MINVALUE
    NO MAXVALUE
    CACHE 1
);


--
-- TOC entry 226 (class 1259 OID 24613)
-- Name: auth_user; Type: TABLE; Schema: public; Owner: -
--

CREATE TABLE public.auth_user (
    id integer NOT NULL,
    password character varying(128) NOT NULL,
    last_login timestamp with time zone,
    is_superuser boolean NOT NULL,
    username character varying(150) NOT NULL,
    first_name character varying(150) NOT NULL,
    last_name character varying(150) NOT NULL,
    email character varying(254) NOT NULL,
    is_staff boolean NOT NULL,
    is_active boolean NOT NULL,
    date_joined timestamp with time zone NOT NULL
);


--
-- TOC entry 228 (class 1259 OID 24621)
-- Name: auth_user_groups; Type: TABLE; Schema: public; Owner: -
--

CREATE TABLE public.auth_user_groups (
    id bigint NOT NULL,
    user_id integer NOT NULL,
    group_id integer NOT NULL
);


--
-- TOC entry 227 (class 1259 OID 24620)
-- Name: auth_user_groups_id_seq; Type: SEQUENCE; Schema: public; Owner: -
--

ALTER TABLE public.auth_user_groups ALTER COLUMN id ADD GENERATED BY DEFAULT AS IDENTITY (
    SEQUENCE NAME public.auth_user_groups_id_seq
    START WITH 1
    INCREMENT BY 1
    NO MINVALUE
    NO MAXVALUE
    CACHE 1
);


--
-- TOC entry 225 (class 1259 OID 24612)
-- Name: auth_user_id_seq; Type: SEQUENCE; Schema: public; Owner: -
--

ALTER TABLE public.auth_user ALTER COLUMN id ADD GENERATED BY DEFAULT AS IDENTITY (
    SEQUENCE NAME public.auth_user_id_seq
    START WITH 1
    INCREMENT BY 1
    NO MINVALUE
    NO MAXVALUE
    CACHE 1
);


--
-- TOC entry 230 (class 1259 OID 24627)
-- Name: auth_user_user_permissions; Type: TABLE; Schema: public; Owner: -
--

CREATE TABLE public.auth_user_user_permissions (
    id bigint NOT NULL,
    user_id integer NOT NULL,
    permission_id integer NOT NULL
);


--
-- TOC entry 229 (class 1259 OID 24626)
-- Name: auth_user_user_permissions_id_seq; Type: SEQUENCE; Schema: public; Owner: -
--

ALTER TABLE public.auth_user_user_permissions ALTER COLUMN id ADD GENERATED BY DEFAULT AS IDENTITY (
    SEQUENCE NAME public.auth_user_user_permissions_id_seq
    START WITH 1
    INCREMENT BY 1
    NO MINVALUE
    NO MAXVALUE
    CACHE 1
);


--
-- TOC entry 239 (class 1259 OID 24739)
-- Name: cash_flow_categories; Type: TABLE; Schema: public; Owner: -
--

CREATE TABLE public.cash_flow_categories (
    id bigint NOT NULL,
    name character varying(100) NOT NULL,
    parent_id bigint,
    type_id bigint NOT NULL
);


--
-- TOC entry 238 (class 1259 OID 24738)
-- Name: cash_flow_categories_id_seq; Type: SEQUENCE; Schema: public; Owner: -
--

ALTER TABLE public.cash_flow_categories ALTER COLUMN id ADD GENERATED BY DEFAULT AS IDENTITY (
    SEQUENCE NAME public.cash_flow_categories_id_seq
    START WITH 1
    INCREMENT BY 1
    NO MINVALUE
    NO MAXVALUE
    CACHE 1
);


--
-- TOC entry 235 (class 1259 OID 24723)
-- Name: cash_flow_statuses; Type: TABLE; Schema: public; Owner: -
--

CREATE TABLE public.cash_flow_statuses (
    id bigint NOT NULL,
    name character varying(100) NOT NULL
);


--
-- TOC entry 234 (class 1259 OID 24722)
-- Name: cash_flow_statuses_id_seq; Type: SEQUENCE; Schema: public; Owner: -
--

ALTER TABLE public.cash_flow_statuses ALTER COLUMN id ADD GENERATED BY DEFAULT AS IDENTITY (
    SEQUENCE NAME public.cash_flow_statuses_id_seq
    START WITH 1
    INCREMENT BY 1
    NO MINVALUE
    NO MAXVALUE
    CACHE 1
);


--
-- TOC entry 237 (class 1259 OID 24731)
-- Name: cash_flow_types; Type: TABLE; Schema: public; Owner: -
--

CREATE TABLE public.cash_flow_types (
    id bigint NOT NULL,
    name character varying(100) NOT NULL
);


--
-- TOC entry 236 (class 1259 OID 24730)
-- Name: cash_flow_types_id_seq; Type: SEQUENCE; Schema: public; Owner: -
--

ALTER TABLE public.cash_flow_types ALTER COLUMN id ADD GENERATED BY DEFAULT AS IDENTITY (
    SEQUENCE NAME public.cash_flow_types_id_seq
    START WITH 1
    INCREMENT BY 1
    NO MINVALUE
    NO MAXVALUE
    CACHE 1
);


--
-- TOC entry 241 (class 1259 OID 24747)
-- Name: cash_flows; Type: TABLE; Schema: public; Owner: -
--

CREATE TABLE public.cash_flows (
    id bigint NOT NULL,
    amount numeric(19,2) NOT NULL,
    comment text,
    creation_date date NOT NULL,
    category_id bigint NOT NULL,
    status_id bigint,
    type_id bigint NOT NULL
);


--
-- TOC entry 240 (class 1259 OID 24746)
-- Name: cash_flows_id_seq; Type: SEQUENCE; Schema: public; Owner: -
--

ALTER TABLE public.cash_flows ALTER COLUMN id ADD GENERATED BY DEFAULT AS IDENTITY (
    SEQUENCE NAME public.cash_flows_id_seq
    START WITH 1
    INCREMENT BY 1
    NO MINVALUE
    NO MAXVALUE
    CACHE 1
);


--
-- TOC entry 232 (class 1259 OID 24685)
-- Name: django_admin_log; Type: TABLE; Schema: public; Owner: -
--

CREATE TABLE public.django_admin_log (
    id integer NOT NULL,
    action_time timestamp with time zone NOT NULL,
    object_id text,
    object_repr character varying(200) NOT NULL,
    action_flag smallint NOT NULL,
    change_message text NOT NULL,
    content_type_id integer,
    user_id integer NOT NULL,
    CONSTRAINT django_admin_log_action_flag_check CHECK ((action_flag >= 0))
);


--
-- TOC entry 231 (class 1259 OID 24684)
-- Name: django_admin_log_id_seq; Type: SEQUENCE; Schema: public; Owner: -
--

ALTER TABLE public.django_admin_log ALTER COLUMN id ADD GENERATED BY DEFAULT AS IDENTITY (
    SEQUENCE NAME public.django_admin_log_id_seq
    START WITH 1
    INCREMENT BY 1
    NO MINVALUE
    NO MAXVALUE
    CACHE 1
);


--
-- TOC entry 218 (class 1259 OID 24585)
-- Name: django_content_type; Type: TABLE; Schema: public; Owner: -
--

CREATE TABLE public.django_content_type (
    id integer NOT NULL,
    app_label character varying(100) NOT NULL,
    model character varying(100) NOT NULL
);


--
-- TOC entry 217 (class 1259 OID 24584)
-- Name: django_content_type_id_seq; Type: SEQUENCE; Schema: public; Owner: -
--

ALTER TABLE public.django_content_type ALTER COLUMN id ADD GENERATED BY DEFAULT AS IDENTITY (
    SEQUENCE NAME public.django_content_type_id_seq
    START WITH 1
    INCREMENT BY 1
    NO MINVALUE
    NO MAXVALUE
    CACHE 1
);


--
-- TOC entry 216 (class 1259 OID 24577)
-- Name: django_migrations; Type: TABLE; Schema: public; Owner: -
--

CREATE TABLE public.django_migrations (
    id bigint NOT NULL,
    app character varying(255) NOT NULL,
    name character varying(255) NOT NULL,
    applied timestamp with time zone NOT NULL
);


--
-- TOC entry 215 (class 1259 OID 24576)
-- Name: django_migrations_id_seq; Type: SEQUENCE; Schema: public; Owner: -
--

ALTER TABLE public.django_migrations ALTER COLUMN id ADD GENERATED BY DEFAULT AS IDENTITY (
    SEQUENCE NAME public.django_migrations_id_seq
    START WITH 1
    INCREMENT BY 1
    NO MINVALUE
    NO MAXVALUE
    CACHE 1
);


--
-- TOC entry 233 (class 1259 OID 24713)
-- Name: django_session; Type: TABLE; Schema: public; Owner: -
--

CREATE TABLE public.django_session (
    session_key character varying(40) NOT NULL,
    session_data text NOT NULL,
    expire_date timestamp with time zone NOT NULL
);


--
-- TOC entry 3565 (class 0 OID 24599)
-- Dependencies: 222
-- Data for Name: auth_group; Type: TABLE DATA; Schema: public; Owner: -
--



--
-- TOC entry 3567 (class 0 OID 24607)
-- Dependencies: 224
-- Data for Name: auth_group_permissions; Type: TABLE DATA; Schema: public; Owner: -
--



--
-- TOC entry 3563 (class 0 OID 24593)
-- Dependencies: 220
-- Data for Name: auth_permission; Type: TABLE DATA; Schema: public; Owner: -
--

INSERT INTO public.auth_permission VALUES (1, 'Can add log entry', 1, 'add_logentry');
INSERT INTO public.auth_permission VALUES (2, 'Can change log entry', 1, 'change_logentry');
INSERT INTO public.auth_permission VALUES (3, 'Can delete log entry', 1, 'delete_logentry');
INSERT INTO public.auth_permission VALUES (4, 'Can view log entry', 1, 'view_logentry');
INSERT INTO public.auth_permission VALUES (5, 'Can add permission', 2, 'add_permission');
INSERT INTO public.auth_permission VALUES (6, 'Can change permission', 2, 'change_permission');
INSERT INTO public.auth_permission VALUES (7, 'Can delete permission', 2, 'delete_permission');
INSERT INTO public.auth_permission VALUES (8, 'Can view permission', 2, 'view_permission');
INSERT INTO public.auth_permission VALUES (9, 'Can add group', 3, 'add_group');
INSERT INTO public.auth_permission VALUES (10, 'Can change group', 3, 'change_group');
INSERT INTO public.auth_permission VALUES (11, 'Can delete group', 3, 'delete_group');
INSERT INTO public.auth_permission VALUES (12, 'Can view group', 3, 'view_group');
INSERT INTO public.auth_permission VALUES (13, 'Can add user', 4, 'add_user');
INSERT INTO public.auth_permission VALUES (14, 'Can change user', 4, 'change_user');
INSERT INTO public.auth_permission VALUES (15, 'Can delete user', 4, 'delete_user');
INSERT INTO public.auth_permission VALUES (16, 'Can view user', 4, 'view_user');
INSERT INTO public.auth_permission VALUES (17, 'Can add content type', 5, 'add_contenttype');
INSERT INTO public.auth_permission VALUES (18, 'Can change content type', 5, 'change_contenttype');
INSERT INTO public.auth_permission VALUES (19, 'Can delete content type', 5, 'delete_contenttype');
INSERT INTO public.auth_permission VALUES (20, 'Can view content type', 5, 'view_contenttype');
INSERT INTO public.auth_permission VALUES (21, 'Can add session', 6, 'add_session');
INSERT INTO public.auth_permission VALUES (22, 'Can change session', 6, 'change_session');
INSERT INTO public.auth_permission VALUES (23, 'Can delete session', 6, 'delete_session');
INSERT INTO public.auth_permission VALUES (24, 'Can view session', 6, 'view_session');
INSERT INTO public.auth_permission VALUES (25, 'Can add Статус денежного потока', 7, 'add_cashflowstatus');
INSERT INTO public.auth_permission VALUES (26, 'Can change Статус денежного потока', 7, 'change_cashflowstatus');
INSERT INTO public.auth_permission VALUES (27, 'Can delete Статус денежного потока', 7, 'delete_cashflowstatus');
INSERT INTO public.auth_permission VALUES (28, 'Can view Статус денежного потока', 7, 'view_cashflowstatus');
INSERT INTO public.auth_permission VALUES (29, 'Can add Тип денежного потока', 8, 'add_cashflowtype');
INSERT INTO public.auth_permission VALUES (30, 'Can change Тип денежного потока', 8, 'change_cashflowtype');
INSERT INTO public.auth_permission VALUES (31, 'Can delete Тип денежного потока', 8, 'delete_cashflowtype');
INSERT INTO public.auth_permission VALUES (32, 'Can view Тип денежного потока', 8, 'view_cashflowtype');
INSERT INTO public.auth_permission VALUES (33, 'Can add Категория (подкатегория) денежного потока', 9, 'add_cashflowcategory');
INSERT INTO public.auth_permission VALUES (34, 'Can change Категория (подкатегория) денежного потока', 9, 'change_cashflowcategory');
INSERT INTO public.auth_permission VALUES (35, 'Can delete Категория (подкатегория) денежного потока', 9, 'delete_cashflowcategory');
INSERT INTO public.auth_permission VALUES (36, 'Can view Категория (подкатегория) денежного потока', 9, 'view_cashflowcategory');
INSERT INTO public.auth_permission VALUES (37, 'Can add Денежный поток', 10, 'add_cashflow');
INSERT INTO public.auth_permission VALUES (38, 'Can change Денежный поток', 10, 'change_cashflow');
INSERT INTO public.auth_permission VALUES (39, 'Can delete Денежный поток', 10, 'delete_cashflow');
INSERT INTO public.auth_permission VALUES (40, 'Can view Денежный поток', 10, 'view_cashflow');


--
-- TOC entry 3569 (class 0 OID 24613)
-- Dependencies: 226
-- Data for Name: auth_user; Type: TABLE DATA; Schema: public; Owner: -
--

INSERT INTO public.auth_user VALUES (1, 'pbkdf2_sha256$1000000$BFOdbUD0HIKZtc2EqD05Vb$10MTaIs9up4BB7DR/q/DUCofCnk/MM8kjdZ+2MNFVZA=', '2026-03-17 17:14:40.584351+00', true, 'admin', '', '', 'admin@example.com', true, true, '2026-03-17 17:08:51.812927+00');


--
-- TOC entry 3571 (class 0 OID 24621)
-- Dependencies: 228
-- Data for Name: auth_user_groups; Type: TABLE DATA; Schema: public; Owner: -
--



--
-- TOC entry 3573 (class 0 OID 24627)
-- Dependencies: 230
-- Data for Name: auth_user_user_permissions; Type: TABLE DATA; Schema: public; Owner: -
--



--
-- TOC entry 3582 (class 0 OID 24739)
-- Dependencies: 239
-- Data for Name: cash_flow_categories; Type: TABLE DATA; Schema: public; Owner: -
--

INSERT INTO public.cash_flow_categories VALUES (1, 'Инфраструктура', NULL, 1);
INSERT INTO public.cash_flow_categories VALUES (2, 'Маркетинг', NULL, 2);
INSERT INTO public.cash_flow_categories VALUES (3, 'VPS', 1, 1);
INSERT INTO public.cash_flow_categories VALUES (4, 'Proxy', 1, 1);
INSERT INTO public.cash_flow_categories VALUES (5, 'Farpost', 2, 2);
INSERT INTO public.cash_flow_categories VALUES (6, 'Avito', 2, 2);


--
-- TOC entry 3578 (class 0 OID 24723)
-- Dependencies: 235
-- Data for Name: cash_flow_statuses; Type: TABLE DATA; Schema: public; Owner: -
--

INSERT INTO public.cash_flow_statuses VALUES (1, 'Бизнес');
INSERT INTO public.cash_flow_statuses VALUES (2, 'Личное');
INSERT INTO public.cash_flow_statuses VALUES (3, 'Налог');


--
-- TOC entry 3580 (class 0 OID 24731)
-- Dependencies: 237
-- Data for Name: cash_flow_types; Type: TABLE DATA; Schema: public; Owner: -
--

INSERT INTO public.cash_flow_types VALUES (1, 'Пополнение');
INSERT INTO public.cash_flow_types VALUES (2, 'Списание');


--
-- TOC entry 3584 (class 0 OID 24747)
-- Dependencies: 241
-- Data for Name: cash_flows; Type: TABLE DATA; Schema: public; Owner: -
--

INSERT INTO public.cash_flows VALUES (2, 32135461.54, '--', '2026-03-16', 5, 1, 2);
INSERT INTO public.cash_flows VALUES (3, 565465.02, 'комментарий 1', '2026-03-17', 4, 1, 1);


--
-- TOC entry 3575 (class 0 OID 24685)
-- Dependencies: 232
-- Data for Name: django_admin_log; Type: TABLE DATA; Schema: public; Owner: -
--



--
-- TOC entry 3561 (class 0 OID 24585)
-- Dependencies: 218
-- Data for Name: django_content_type; Type: TABLE DATA; Schema: public; Owner: -
--

INSERT INTO public.django_content_type VALUES (1, 'admin', 'logentry');
INSERT INTO public.django_content_type VALUES (2, 'auth', 'permission');
INSERT INTO public.django_content_type VALUES (3, 'auth', 'group');
INSERT INTO public.django_content_type VALUES (4, 'auth', 'user');
INSERT INTO public.django_content_type VALUES (5, 'contenttypes', 'contenttype');
INSERT INTO public.django_content_type VALUES (6, 'sessions', 'session');
INSERT INTO public.django_content_type VALUES (7, 'cash_flow', 'cashflowstatus');
INSERT INTO public.django_content_type VALUES (8, 'cash_flow', 'cashflowtype');
INSERT INTO public.django_content_type VALUES (9, 'cash_flow', 'cashflowcategory');
INSERT INTO public.django_content_type VALUES (10, 'cash_flow', 'cashflow');


--
-- TOC entry 3559 (class 0 OID 24577)
-- Dependencies: 216
-- Data for Name: django_migrations; Type: TABLE DATA; Schema: public; Owner: -
--

INSERT INTO public.django_migrations VALUES (1, 'contenttypes', '0001_initial', '2026-03-17 17:07:52.386009+00');
INSERT INTO public.django_migrations VALUES (2, 'auth', '0001_initial', '2026-03-17 17:07:52.46639+00');
INSERT INTO public.django_migrations VALUES (3, 'admin', '0001_initial', '2026-03-17 17:07:52.489061+00');
INSERT INTO public.django_migrations VALUES (4, 'admin', '0002_logentry_remove_auto_add', '2026-03-17 17:07:52.495668+00');
INSERT INTO public.django_migrations VALUES (5, 'admin', '0003_logentry_add_action_flag_choices', '2026-03-17 17:07:52.503938+00');
INSERT INTO public.django_migrations VALUES (6, 'contenttypes', '0002_remove_content_type_name', '2026-03-17 17:07:52.51735+00');
INSERT INTO public.django_migrations VALUES (7, 'auth', '0002_alter_permission_name_max_length', '2026-03-17 17:07:52.524856+00');
INSERT INTO public.django_migrations VALUES (8, 'auth', '0003_alter_user_email_max_length', '2026-03-17 17:07:52.532246+00');
INSERT INTO public.django_migrations VALUES (9, 'auth', '0004_alter_user_username_opts', '2026-03-17 17:07:52.53942+00');
INSERT INTO public.django_migrations VALUES (10, 'auth', '0005_alter_user_last_login_null', '2026-03-17 17:07:52.547278+00');
INSERT INTO public.django_migrations VALUES (11, 'auth', '0006_require_contenttypes_0002', '2026-03-17 17:07:52.548918+00');
INSERT INTO public.django_migrations VALUES (12, 'auth', '0007_alter_validators_add_error_messages', '2026-03-17 17:07:52.555941+00');
INSERT INTO public.django_migrations VALUES (13, 'auth', '0008_alter_user_username_max_length', '2026-03-17 17:07:52.569875+00');
INSERT INTO public.django_migrations VALUES (14, 'auth', '0009_alter_user_last_name_max_length', '2026-03-17 17:07:52.578165+00');
INSERT INTO public.django_migrations VALUES (15, 'auth', '0010_alter_group_name_max_length', '2026-03-17 17:07:52.586232+00');
INSERT INTO public.django_migrations VALUES (16, 'auth', '0011_update_proxy_permissions', '2026-03-17 17:07:52.592415+00');
INSERT INTO public.django_migrations VALUES (17, 'auth', '0012_alter_user_first_name_max_length', '2026-03-17 17:07:52.600533+00');
INSERT INTO public.django_migrations VALUES (18, 'sessions', '0001_initial', '2026-03-17 17:07:52.615092+00');
INSERT INTO public.django_migrations VALUES (19, 'cash_flow', '0001_initial', '2026-03-17 17:09:49.613452+00');


--
-- TOC entry 3576 (class 0 OID 24713)
-- Dependencies: 233
-- Data for Name: django_session; Type: TABLE DATA; Schema: public; Owner: -
--

INSERT INTO public.django_session VALUES ('stjx43hyy7wyscr057z2ikgcz000o57k', '.eJxVjEEOwiAQRe_C2pAypVBcuvcMZOjMSNVAUtqV8e7apAvd_vfef6mI25rj1niJM6mzMur0uyWcHlx2QHcst6qnWtZlTnpX9EGbvlbi5-Vw_w4ytvytfTLgAQ04DixWiAGdt85x39kxjUPoSZIh7iYZxAIEa1hcQE4-EIp6fwDkwjh0:1w2Y08:04rSy9Q-akG_m4HIukWx8VXLfn-72HPt-7C-oQCnrGs', '2026-03-31 17:14:40.586854+00');


--
-- TOC entry 3590 (class 0 OID 0)
-- Dependencies: 221
-- Name: auth_group_id_seq; Type: SEQUENCE SET; Schema: public; Owner: -
--

SELECT pg_catalog.setval('public.auth_group_id_seq', 1, false);


--
-- TOC entry 3591 (class 0 OID 0)
-- Dependencies: 223
-- Name: auth_group_permissions_id_seq; Type: SEQUENCE SET; Schema: public; Owner: -
--

SELECT pg_catalog.setval('public.auth_group_permissions_id_seq', 1, false);


--
-- TOC entry 3592 (class 0 OID 0)
-- Dependencies: 219
-- Name: auth_permission_id_seq; Type: SEQUENCE SET; Schema: public; Owner: -
--

SELECT pg_catalog.setval('public.auth_permission_id_seq', 40, true);


--
-- TOC entry 3593 (class 0 OID 0)
-- Dependencies: 227
-- Name: auth_user_groups_id_seq; Type: SEQUENCE SET; Schema: public; Owner: -
--

SELECT pg_catalog.setval('public.auth_user_groups_id_seq', 1, false);


--
-- TOC entry 3594 (class 0 OID 0)
-- Dependencies: 225
-- Name: auth_user_id_seq; Type: SEQUENCE SET; Schema: public; Owner: -
--

SELECT pg_catalog.setval('public.auth_user_id_seq', 1, true);


--
-- TOC entry 3595 (class 0 OID 0)
-- Dependencies: 229
-- Name: auth_user_user_permissions_id_seq; Type: SEQUENCE SET; Schema: public; Owner: -
--

SELECT pg_catalog.setval('public.auth_user_user_permissions_id_seq', 1, false);


--
-- TOC entry 3596 (class 0 OID 0)
-- Dependencies: 238
-- Name: cash_flow_categories_id_seq; Type: SEQUENCE SET; Schema: public; Owner: -
--

SELECT pg_catalog.setval('public.cash_flow_categories_id_seq', 5, true);


--
-- TOC entry 3597 (class 0 OID 0)
-- Dependencies: 234
-- Name: cash_flow_statuses_id_seq; Type: SEQUENCE SET; Schema: public; Owner: -
--

SELECT pg_catalog.setval('public.cash_flow_statuses_id_seq', 3, true);


--
-- TOC entry 3598 (class 0 OID 0)
-- Dependencies: 236
-- Name: cash_flow_types_id_seq; Type: SEQUENCE SET; Schema: public; Owner: -
--

SELECT pg_catalog.setval('public.cash_flow_types_id_seq', 6, true);


--
-- TOC entry 3599 (class 0 OID 0)
-- Dependencies: 240
-- Name: cash_flows_id_seq; Type: SEQUENCE SET; Schema: public; Owner: -
--

SELECT pg_catalog.setval('public.cash_flows_id_seq', 3, true);


--
-- TOC entry 3600 (class 0 OID 0)
-- Dependencies: 231
-- Name: django_admin_log_id_seq; Type: SEQUENCE SET; Schema: public; Owner: -
--

SELECT pg_catalog.setval('public.django_admin_log_id_seq', 1, false);


--
-- TOC entry 3601 (class 0 OID 0)
-- Dependencies: 217
-- Name: django_content_type_id_seq; Type: SEQUENCE SET; Schema: public; Owner: -
--

SELECT pg_catalog.setval('public.django_content_type_id_seq', 10, true);


--
-- TOC entry 3602 (class 0 OID 0)
-- Dependencies: 215
-- Name: django_migrations_id_seq; Type: SEQUENCE SET; Schema: public; Owner: -
--

SELECT pg_catalog.setval('public.django_migrations_id_seq', 19, true);


--
-- TOC entry 3345 (class 2606 OID 24711)
-- Name: auth_group auth_group_name_key; Type: CONSTRAINT; Schema: public; Owner: -
--

ALTER TABLE ONLY public.auth_group
    ADD CONSTRAINT auth_group_name_key UNIQUE (name);


--
-- TOC entry 3350 (class 2606 OID 24642)
-- Name: auth_group_permissions auth_group_permissions_group_id_permission_id_0cd325b0_uniq; Type: CONSTRAINT; Schema: public; Owner: -
--

ALTER TABLE ONLY public.auth_group_permissions
    ADD CONSTRAINT auth_group_permissions_group_id_permission_id_0cd325b0_uniq UNIQUE (group_id, permission_id);


--
-- TOC entry 3353 (class 2606 OID 24611)
-- Name: auth_group_permissions auth_group_permissions_pkey; Type: CONSTRAINT; Schema: public; Owner: -
--

ALTER TABLE ONLY public.auth_group_permissions
    ADD CONSTRAINT auth_group_permissions_pkey PRIMARY KEY (id);


--
-- TOC entry 3347 (class 2606 OID 24603)
-- Name: auth_group auth_group_pkey; Type: CONSTRAINT; Schema: public; Owner: -
--

ALTER TABLE ONLY public.auth_group
    ADD CONSTRAINT auth_group_pkey PRIMARY KEY (id);


--
-- TOC entry 3340 (class 2606 OID 24633)
-- Name: auth_permission auth_permission_content_type_id_codename_01ab375a_uniq; Type: CONSTRAINT; Schema: public; Owner: -
--

ALTER TABLE ONLY public.auth_permission
    ADD CONSTRAINT auth_permission_content_type_id_codename_01ab375a_uniq UNIQUE (content_type_id, codename);


--
-- TOC entry 3342 (class 2606 OID 24597)
-- Name: auth_permission auth_permission_pkey; Type: CONSTRAINT; Schema: public; Owner: -
--

ALTER TABLE ONLY public.auth_permission
    ADD CONSTRAINT auth_permission_pkey PRIMARY KEY (id);


--
-- TOC entry 3361 (class 2606 OID 24625)
-- Name: auth_user_groups auth_user_groups_pkey; Type: CONSTRAINT; Schema: public; Owner: -
--

ALTER TABLE ONLY public.auth_user_groups
    ADD CONSTRAINT auth_user_groups_pkey PRIMARY KEY (id);


--
-- TOC entry 3364 (class 2606 OID 24657)
-- Name: auth_user_groups auth_user_groups_user_id_group_id_94350c0c_uniq; Type: CONSTRAINT; Schema: public; Owner: -
--

ALTER TABLE ONLY public.auth_user_groups
    ADD CONSTRAINT auth_user_groups_user_id_group_id_94350c0c_uniq UNIQUE (user_id, group_id);


--
-- TOC entry 3355 (class 2606 OID 24617)
-- Name: auth_user auth_user_pkey; Type: CONSTRAINT; Schema: public; Owner: -
--

ALTER TABLE ONLY public.auth_user
    ADD CONSTRAINT auth_user_pkey PRIMARY KEY (id);


--
-- TOC entry 3367 (class 2606 OID 24631)
-- Name: auth_user_user_permissions auth_user_user_permissions_pkey; Type: CONSTRAINT; Schema: public; Owner: -
--

ALTER TABLE ONLY public.auth_user_user_permissions
    ADD CONSTRAINT auth_user_user_permissions_pkey PRIMARY KEY (id);


--
-- TOC entry 3370 (class 2606 OID 24671)
-- Name: auth_user_user_permissions auth_user_user_permissions_user_id_permission_id_14a6b632_uniq; Type: CONSTRAINT; Schema: public; Owner: -
--

ALTER TABLE ONLY public.auth_user_user_permissions
    ADD CONSTRAINT auth_user_user_permissions_user_id_permission_id_14a6b632_uniq UNIQUE (user_id, permission_id);


--
-- TOC entry 3358 (class 2606 OID 24706)
-- Name: auth_user auth_user_username_key; Type: CONSTRAINT; Schema: public; Owner: -
--

ALTER TABLE ONLY public.auth_user
    ADD CONSTRAINT auth_user_username_key UNIQUE (username);


--
-- TOC entry 3391 (class 2606 OID 24745)
-- Name: cash_flow_categories cash_flow_categories_name_key; Type: CONSTRAINT; Schema: public; Owner: -
--

ALTER TABLE ONLY public.cash_flow_categories
    ADD CONSTRAINT cash_flow_categories_name_key UNIQUE (name);


--
-- TOC entry 3394 (class 2606 OID 24743)
-- Name: cash_flow_categories cash_flow_categories_pkey; Type: CONSTRAINT; Schema: public; Owner: -
--

ALTER TABLE ONLY public.cash_flow_categories
    ADD CONSTRAINT cash_flow_categories_pkey PRIMARY KEY (id);


--
-- TOC entry 3381 (class 2606 OID 24729)
-- Name: cash_flow_statuses cash_flow_statuses_name_key; Type: CONSTRAINT; Schema: public; Owner: -
--

ALTER TABLE ONLY public.cash_flow_statuses
    ADD CONSTRAINT cash_flow_statuses_name_key UNIQUE (name);


--
-- TOC entry 3383 (class 2606 OID 24727)
-- Name: cash_flow_statuses cash_flow_statuses_pkey; Type: CONSTRAINT; Schema: public; Owner: -
--

ALTER TABLE ONLY public.cash_flow_statuses
    ADD CONSTRAINT cash_flow_statuses_pkey PRIMARY KEY (id);


--
-- TOC entry 3386 (class 2606 OID 24737)
-- Name: cash_flow_types cash_flow_types_name_key; Type: CONSTRAINT; Schema: public; Owner: -
--

ALTER TABLE ONLY public.cash_flow_types
    ADD CONSTRAINT cash_flow_types_name_key UNIQUE (name);


--
-- TOC entry 3388 (class 2606 OID 24735)
-- Name: cash_flow_types cash_flow_types_pkey; Type: CONSTRAINT; Schema: public; Owner: -
--

ALTER TABLE ONLY public.cash_flow_types
    ADD CONSTRAINT cash_flow_types_pkey PRIMARY KEY (id);


--
-- TOC entry 3398 (class 2606 OID 24753)
-- Name: cash_flows cash_flows_pkey; Type: CONSTRAINT; Schema: public; Owner: -
--

ALTER TABLE ONLY public.cash_flows
    ADD CONSTRAINT cash_flows_pkey PRIMARY KEY (id);


--
-- TOC entry 3373 (class 2606 OID 24692)
-- Name: django_admin_log django_admin_log_pkey; Type: CONSTRAINT; Schema: public; Owner: -
--

ALTER TABLE ONLY public.django_admin_log
    ADD CONSTRAINT django_admin_log_pkey PRIMARY KEY (id);


--
-- TOC entry 3335 (class 2606 OID 24591)
-- Name: django_content_type django_content_type_app_label_model_76bd3d3b_uniq; Type: CONSTRAINT; Schema: public; Owner: -
--

ALTER TABLE ONLY public.django_content_type
    ADD CONSTRAINT django_content_type_app_label_model_76bd3d3b_uniq UNIQUE (app_label, model);


--
-- TOC entry 3337 (class 2606 OID 24589)
-- Name: django_content_type django_content_type_pkey; Type: CONSTRAINT; Schema: public; Owner: -
--

ALTER TABLE ONLY public.django_content_type
    ADD CONSTRAINT django_content_type_pkey PRIMARY KEY (id);


--
-- TOC entry 3333 (class 2606 OID 24583)
-- Name: django_migrations django_migrations_pkey; Type: CONSTRAINT; Schema: public; Owner: -
--

ALTER TABLE ONLY public.django_migrations
    ADD CONSTRAINT django_migrations_pkey PRIMARY KEY (id);


--
-- TOC entry 3377 (class 2606 OID 24719)
-- Name: django_session django_session_pkey; Type: CONSTRAINT; Schema: public; Owner: -
--

ALTER TABLE ONLY public.django_session
    ADD CONSTRAINT django_session_pkey PRIMARY KEY (session_key);


--
-- TOC entry 3343 (class 1259 OID 24712)
-- Name: auth_group_name_a6ea08ec_like; Type: INDEX; Schema: public; Owner: -
--

CREATE INDEX auth_group_name_a6ea08ec_like ON public.auth_group USING btree (name varchar_pattern_ops);


--
-- TOC entry 3348 (class 1259 OID 24653)
-- Name: auth_group_permissions_group_id_b120cbf9; Type: INDEX; Schema: public; Owner: -
--

CREATE INDEX auth_group_permissions_group_id_b120cbf9 ON public.auth_group_permissions USING btree (group_id);


--
-- TOC entry 3351 (class 1259 OID 24654)
-- Name: auth_group_permissions_permission_id_84c5c92e; Type: INDEX; Schema: public; Owner: -
--

CREATE INDEX auth_group_permissions_permission_id_84c5c92e ON public.auth_group_permissions USING btree (permission_id);


--
-- TOC entry 3338 (class 1259 OID 24639)
-- Name: auth_permission_content_type_id_2f476e4b; Type: INDEX; Schema: public; Owner: -
--

CREATE INDEX auth_permission_content_type_id_2f476e4b ON public.auth_permission USING btree (content_type_id);


--
-- TOC entry 3359 (class 1259 OID 24669)
-- Name: auth_user_groups_group_id_97559544; Type: INDEX; Schema: public; Owner: -
--

CREATE INDEX auth_user_groups_group_id_97559544 ON public.auth_user_groups USING btree (group_id);


--
-- TOC entry 3362 (class 1259 OID 24668)
-- Name: auth_user_groups_user_id_6a12ed8b; Type: INDEX; Schema: public; Owner: -
--

CREATE INDEX auth_user_groups_user_id_6a12ed8b ON public.auth_user_groups USING btree (user_id);


--
-- TOC entry 3365 (class 1259 OID 24683)
-- Name: auth_user_user_permissions_permission_id_1fbb5f2c; Type: INDEX; Schema: public; Owner: -
--

CREATE INDEX auth_user_user_permissions_permission_id_1fbb5f2c ON public.auth_user_user_permissions USING btree (permission_id);


--
-- TOC entry 3368 (class 1259 OID 24682)
-- Name: auth_user_user_permissions_user_id_a95ead1b; Type: INDEX; Schema: public; Owner: -
--

CREATE INDEX auth_user_user_permissions_user_id_a95ead1b ON public.auth_user_user_permissions USING btree (user_id);


--
-- TOC entry 3356 (class 1259 OID 24707)
-- Name: auth_user_username_6821ab7c_like; Type: INDEX; Schema: public; Owner: -
--

CREATE INDEX auth_user_username_6821ab7c_like ON public.auth_user USING btree (username varchar_pattern_ops);


--
-- TOC entry 3389 (class 1259 OID 24766)
-- Name: cash_flow_categories_name_812cc78e_like; Type: INDEX; Schema: public; Owner: -
--

CREATE INDEX cash_flow_categories_name_812cc78e_like ON public.cash_flow_categories USING btree (name varchar_pattern_ops);


--
-- TOC entry 3392 (class 1259 OID 24767)
-- Name: cash_flow_categories_parent_id_30abb0c5; Type: INDEX; Schema: public; Owner: -
--

CREATE INDEX cash_flow_categories_parent_id_30abb0c5 ON public.cash_flow_categories USING btree (parent_id);


--
-- TOC entry 3395 (class 1259 OID 24768)
-- Name: cash_flow_categories_type_id_aa1a36cc; Type: INDEX; Schema: public; Owner: -
--

CREATE INDEX cash_flow_categories_type_id_aa1a36cc ON public.cash_flow_categories USING btree (type_id);


--
-- TOC entry 3379 (class 1259 OID 24754)
-- Name: cash_flow_statuses_name_626bbb0c_like; Type: INDEX; Schema: public; Owner: -
--

CREATE INDEX cash_flow_statuses_name_626bbb0c_like ON public.cash_flow_statuses USING btree (name varchar_pattern_ops);


--
-- TOC entry 3384 (class 1259 OID 24755)
-- Name: cash_flow_types_name_955ef89b_like; Type: INDEX; Schema: public; Owner: -
--

CREATE INDEX cash_flow_types_name_955ef89b_like ON public.cash_flow_types USING btree (name varchar_pattern_ops);


--
-- TOC entry 3396 (class 1259 OID 24784)
-- Name: cash_flows_category_id_8da0a959; Type: INDEX; Schema: public; Owner: -
--

CREATE INDEX cash_flows_category_id_8da0a959 ON public.cash_flows USING btree (category_id);


--
-- TOC entry 3399 (class 1259 OID 24785)
-- Name: cash_flows_status_id_276d0817; Type: INDEX; Schema: public; Owner: -
--

CREATE INDEX cash_flows_status_id_276d0817 ON public.cash_flows USING btree (status_id);


--
-- TOC entry 3400 (class 1259 OID 24786)
-- Name: cash_flows_type_id_d6ec6fd0; Type: INDEX; Schema: public; Owner: -
--

CREATE INDEX cash_flows_type_id_d6ec6fd0 ON public.cash_flows USING btree (type_id);


--
-- TOC entry 3371 (class 1259 OID 24703)
-- Name: django_admin_log_content_type_id_c4bce8eb; Type: INDEX; Schema: public; Owner: -
--

CREATE INDEX django_admin_log_content_type_id_c4bce8eb ON public.django_admin_log USING btree (content_type_id);


--
-- TOC entry 3374 (class 1259 OID 24704)
-- Name: django_admin_log_user_id_c564eba6; Type: INDEX; Schema: public; Owner: -
--

CREATE INDEX django_admin_log_user_id_c564eba6 ON public.django_admin_log USING btree (user_id);


--
-- TOC entry 3375 (class 1259 OID 24721)
-- Name: django_session_expire_date_a5c62663; Type: INDEX; Schema: public; Owner: -
--

CREATE INDEX django_session_expire_date_a5c62663 ON public.django_session USING btree (expire_date);


--
-- TOC entry 3378 (class 1259 OID 24720)
-- Name: django_session_session_key_c0390e0f_like; Type: INDEX; Schema: public; Owner: -
--

CREATE INDEX django_session_session_key_c0390e0f_like ON public.django_session USING btree (session_key varchar_pattern_ops);


--
-- TOC entry 3402 (class 2606 OID 24648)
-- Name: auth_group_permissions auth_group_permissio_permission_id_84c5c92e_fk_auth_perm; Type: FK CONSTRAINT; Schema: public; Owner: -
--

ALTER TABLE ONLY public.auth_group_permissions
    ADD CONSTRAINT auth_group_permissio_permission_id_84c5c92e_fk_auth_perm FOREIGN KEY (permission_id) REFERENCES public.auth_permission(id) DEFERRABLE INITIALLY DEFERRED;


--
-- TOC entry 3403 (class 2606 OID 24643)
-- Name: auth_group_permissions auth_group_permissions_group_id_b120cbf9_fk_auth_group_id; Type: FK CONSTRAINT; Schema: public; Owner: -
--

ALTER TABLE ONLY public.auth_group_permissions
    ADD CONSTRAINT auth_group_permissions_group_id_b120cbf9_fk_auth_group_id FOREIGN KEY (group_id) REFERENCES public.auth_group(id) DEFERRABLE INITIALLY DEFERRED;


--
-- TOC entry 3401 (class 2606 OID 24634)
-- Name: auth_permission auth_permission_content_type_id_2f476e4b_fk_django_co; Type: FK CONSTRAINT; Schema: public; Owner: -
--

ALTER TABLE ONLY public.auth_permission
    ADD CONSTRAINT auth_permission_content_type_id_2f476e4b_fk_django_co FOREIGN KEY (content_type_id) REFERENCES public.django_content_type(id) DEFERRABLE INITIALLY DEFERRED;


--
-- TOC entry 3404 (class 2606 OID 24663)
-- Name: auth_user_groups auth_user_groups_group_id_97559544_fk_auth_group_id; Type: FK CONSTRAINT; Schema: public; Owner: -
--

ALTER TABLE ONLY public.auth_user_groups
    ADD CONSTRAINT auth_user_groups_group_id_97559544_fk_auth_group_id FOREIGN KEY (group_id) REFERENCES public.auth_group(id) DEFERRABLE INITIALLY DEFERRED;


--
-- TOC entry 3405 (class 2606 OID 24658)
-- Name: auth_user_groups auth_user_groups_user_id_6a12ed8b_fk_auth_user_id; Type: FK CONSTRAINT; Schema: public; Owner: -
--

ALTER TABLE ONLY public.auth_user_groups
    ADD CONSTRAINT auth_user_groups_user_id_6a12ed8b_fk_auth_user_id FOREIGN KEY (user_id) REFERENCES public.auth_user(id) DEFERRABLE INITIALLY DEFERRED;


--
-- TOC entry 3406 (class 2606 OID 24677)
-- Name: auth_user_user_permissions auth_user_user_permi_permission_id_1fbb5f2c_fk_auth_perm; Type: FK CONSTRAINT; Schema: public; Owner: -
--

ALTER TABLE ONLY public.auth_user_user_permissions
    ADD CONSTRAINT auth_user_user_permi_permission_id_1fbb5f2c_fk_auth_perm FOREIGN KEY (permission_id) REFERENCES public.auth_permission(id) DEFERRABLE INITIALLY DEFERRED;


--
-- TOC entry 3407 (class 2606 OID 24672)
-- Name: auth_user_user_permissions auth_user_user_permissions_user_id_a95ead1b_fk_auth_user_id; Type: FK CONSTRAINT; Schema: public; Owner: -
--

ALTER TABLE ONLY public.auth_user_user_permissions
    ADD CONSTRAINT auth_user_user_permissions_user_id_a95ead1b_fk_auth_user_id FOREIGN KEY (user_id) REFERENCES public.auth_user(id) DEFERRABLE INITIALLY DEFERRED;


--
-- TOC entry 3410 (class 2606 OID 24756)
-- Name: cash_flow_categories cash_flow_categories_parent_id_30abb0c5_fk_cash_flow; Type: FK CONSTRAINT; Schema: public; Owner: -
--

ALTER TABLE ONLY public.cash_flow_categories
    ADD CONSTRAINT cash_flow_categories_parent_id_30abb0c5_fk_cash_flow FOREIGN KEY (parent_id) REFERENCES public.cash_flow_categories(id) DEFERRABLE INITIALLY DEFERRED;


--
-- TOC entry 3411 (class 2606 OID 24761)
-- Name: cash_flow_categories cash_flow_categories_type_id_aa1a36cc_fk_cash_flow_types_id; Type: FK CONSTRAINT; Schema: public; Owner: -
--

ALTER TABLE ONLY public.cash_flow_categories
    ADD CONSTRAINT cash_flow_categories_type_id_aa1a36cc_fk_cash_flow_types_id FOREIGN KEY (type_id) REFERENCES public.cash_flow_types(id) DEFERRABLE INITIALLY DEFERRED;


--
-- TOC entry 3412 (class 2606 OID 24769)
-- Name: cash_flows cash_flows_category_id_8da0a959_fk_cash_flow_categories_id; Type: FK CONSTRAINT; Schema: public; Owner: -
--

ALTER TABLE ONLY public.cash_flows
    ADD CONSTRAINT cash_flows_category_id_8da0a959_fk_cash_flow_categories_id FOREIGN KEY (category_id) REFERENCES public.cash_flow_categories(id) DEFERRABLE INITIALLY DEFERRED;


--
-- TOC entry 3413 (class 2606 OID 24774)
-- Name: cash_flows cash_flows_status_id_276d0817_fk_cash_flow_statuses_id; Type: FK CONSTRAINT; Schema: public; Owner: -
--

ALTER TABLE ONLY public.cash_flows
    ADD CONSTRAINT cash_flows_status_id_276d0817_fk_cash_flow_statuses_id FOREIGN KEY (status_id) REFERENCES public.cash_flow_statuses(id) DEFERRABLE INITIALLY DEFERRED;


--
-- TOC entry 3414 (class 2606 OID 24779)
-- Name: cash_flows cash_flows_type_id_d6ec6fd0_fk_cash_flow_types_id; Type: FK CONSTRAINT; Schema: public; Owner: -
--

ALTER TABLE ONLY public.cash_flows
    ADD CONSTRAINT cash_flows_type_id_d6ec6fd0_fk_cash_flow_types_id FOREIGN KEY (type_id) REFERENCES public.cash_flow_types(id) DEFERRABLE INITIALLY DEFERRED;


--
-- TOC entry 3408 (class 2606 OID 24693)
-- Name: django_admin_log django_admin_log_content_type_id_c4bce8eb_fk_django_co; Type: FK CONSTRAINT; Schema: public; Owner: -
--

ALTER TABLE ONLY public.django_admin_log
    ADD CONSTRAINT django_admin_log_content_type_id_c4bce8eb_fk_django_co FOREIGN KEY (content_type_id) REFERENCES public.django_content_type(id) DEFERRABLE INITIALLY DEFERRED;


--
-- TOC entry 3409 (class 2606 OID 24698)
-- Name: django_admin_log django_admin_log_user_id_c564eba6_fk_auth_user_id; Type: FK CONSTRAINT; Schema: public; Owner: -
--

ALTER TABLE ONLY public.django_admin_log
    ADD CONSTRAINT django_admin_log_user_id_c564eba6_fk_auth_user_id FOREIGN KEY (user_id) REFERENCES public.auth_user(id) DEFERRABLE INITIALLY DEFERRED;


-- Completed on 2026-03-18 01:00:42

--
-- PostgreSQL database dump complete
--

